LAEstab,Easting,Northing,School_Type,School_Phase,Religious_Character,Government_Office_Region_Name,Parliamentary_Constituency,LA_District,Ward,StatutoryLowAge.y,StatutoryHighAge.y,Tot_Workforce_HC,Tot_Classroom_Teachers_HC,Tot_Teachers_Leadership_HC,Tot_Teachers_HC,Tot_TAs_HC,Tot_NonClassroom_Support_Staff_Exc_Aux_Staff_HC,Tot_Auxiliary_Staff_HC,Perc_PT_Teaching_Staff_,Tot_Workforce_FTE,Tot_Classroom_Teachers_FTE,Tot_Teachers_Leadership_FTE,Tot_Teachers_FTE,Tot_TAs_FTE,Tot_NonClassroom_Support_Staff_Exc_Aux_Staff_FTE,Tot_Aux_Staff_FTE,TA_Teacher_Ratio,Pupil_Teacher_Ratio,Perc_Male_Teachers,Perc_Minority_Ethnic_Teachers,Perc_Over_Age_50_Teachers,Perc_QTS_Teachers,Perc_of_Unqual_Teachers_who_Unqual_on_QTS_Route,Perc_Male_TAs,Perc_Minority_Ethnic_TAs,Perc_HLTA_TAs,Perc_Male_Non_Classroom_Support_Staff,Perc_Minority_Ethnic_Non_Classroom_Support_Staff,Perc_Male_Aux_Staff,Perc_Minority_Ethnic_Aux_Staff,Regional_Pay_Spine,Mean_Gross_Salary_All_Teachers_Sterling,Perc_Main_Pay_Range_Classroom_Teachers,Perc_Upper_Pay_Range_Leading_Practioners_Pay_Range_Classroom_Teachers,Perc_Receive_Allowance_Qual_Classroom_Teachers,Perc_Leadership_Pay_Range_Teachers,Perc_At_Least_One_Sickness_Absence_Teachers,Tot_Days_Sickness_Absence,Mean_Days_Lost_Teacher_Sickness_Absence_Of_Those_Taking_Sickness_Absence,Mean_Days_Lost_Teacher_Sickness_Absence_All_Teachers,FT_Vacant_Posts,Perc_FT_Posts_Vacant,FT_Temp_Filled_Posts,Perc_FT_Temp_Filled_Posts
8652008,382680,160367,LA maintained schools,Primary,Does not apply,South West,Chippenham,Wiltshire,Bradford-on-Avon South,4,11,74,17,4,21,31,7,15,45.5,31.9,11.6,3.6,15.2,9.7,4.4,2.6,0.6,20.9,NA,0,NA,97,NA,0,0,NA,NA,0,0,0,EW,34447,NA,0,NA,19,50,67.5,6.8,3.4,0,0,0,0
8652009,391483,152507,LA maintained schools,Primary,Does not apply,South West,South West Wiltshire,Wiltshire,Ethandune,4,11,29,8,2,10,13,2,4,NA,18.3,6.7,2,8.7,7.7,1.3,0.6,0.9,16.4,NA,0,0,100,NA,0,0,NA,0,NA,0,NA,EW,32947,62.5,NA,0,NA,45.5,31,6.2,2.8,0,0,0,0
8652023,391775,174719,LA maintained schools,Primary,Does not apply,South West,Chippenham,Wiltshire,Chippenham Hardenhuish,4,11,43,16,2,18,11,4,10,72.2,21.4,10.1,2,12.1,5.2,2.2,1.9,0.4,18,24.8,0,NA,95,NA,0,0,0,0,0,NA,0,EW,38629,NA,0,25,NA,50,50,5.6,2.8,0,0,0,0
8652029,386849,168884,LA maintained schools,Primary,Does not apply,South West,Chippenham,Wiltshire,Corsham Without and Box Hill,4,11,15,5,1,6,3,2,4,83.3,6.1,1.9,1,2.9,1.6,0.9,0.7,0.5,1,0,NA,NA,96.6,NA,0,NA,NA,0,NA,0,0,EW,36220,NA,NA,0,NA,NA,NA,NA,7,0,0,0,0
8652031,386062,168246,LA maintained schools,Primary,Does not apply,South West,Chippenham,Wiltshire,Corsham Without and Box Hill,4,11,36,8,2,10,19,4,3,40,17.4,6.5,2,8.5,6.2,1.6,1.1,0.7,22.1,NA,NA,NA,100,NA,0,NA,NA,0,NA,0,NA,EW,35568,75,NA,NA,NA,63.6,98,14,8.9,0,0,0,0
8652034,392678,173440,LA maintained schools,Primary,Does not apply,South West,Chippenham,Wiltshire,Chippenham Monkton,4,11,34,13,2,15,13,3,3,53.3,18.3,8.8,2,10.8,5.8,1.1,0.6,0.5,21.8,NA,0,31.4,100,NA,NA,NA,0,0,NA,0,NA,EW,37986,30.8,69.2,NA,NA,40,17,2.8,1.1,0,0,0,0
8652045,418304,135782,LA maintained schools,Primary,Does not apply,South West,Salisbury,Wiltshire,Bourne and Woodford Valley,4,11,26,5,2,7,9,4,6,NA,13.2,4.1,2,6.1,4.6,1.3,1.2,0.7,21.5,NA,0,0,100,NA,0,NA,NA,0,0,NA,0,EW,36556,NA,NA,NA,NA,NA,NA,NA,1.6,0,0,0,0
8652052,402079,175288,LA maintained schools,Primary,Does not apply,South West,North Wiltshire,Wiltshire,Calne Rural,4,11,35,6,2,8,12,6,9,62.5,12,3.6,2,5.6,3.6,1.5,1.3,0.6,20.1,0,0,0,100,NA,0,0,0,NA,NA,0,0,EW,35522,66.7,NA,NA,NA,55.6,56,11.2,6.2,0,0,0,0
8652053,381930,141370,LA maintained schools,Primary,Does not apply,South West,South West Wiltshire,Wiltshire,Warminster Without,5,11,17,4,2,6,5,2,4,62.5,8,2,2,4,2.4,1.1,0.5,0.6,20.2,NA,NA,0,100,NA,0,0,0,0,NA,0,0,EW,37551,100,0,0,NA,NA,NA,NA,1.8,0,0,0,0
8652060,383291,184017,LA maintained schools,Primary,Does not apply,South West,North Wiltshire,Wiltshire,Sherston,4,11,11,3,1,4,2,2,3,NA,5.3,2.3,1,3.3,0.8,0.6,0.6,0.2,15.1,0,0,NA,100,NA,0,NA,NA,0,NA,0,NA,EW,37497,NA,NA,NA,NA,NA,NA,NA,NA,0,0,0,0
8652086,390652,179922,LA maintained schools,Primary,Does not apply,South West,North Wiltshire,Wiltshire,Kington,4,11,27,7,1,8,8,6,5,NA,11.8,5.4,1,6.4,3.3,1.4,0.7,0.5,13.1,NA,NA,NA,100,NA,0,0,0,0,0,0,0,EW,34812,0,NA,NA,NA,44.4,11,2.8,1.2,0,0,0,0
8652087,427495,171734,LA maintained schools,Primary,Does not apply,South West,Devizes,Wiltshire,Aldbourne and Ramsbury,4,11,45,9,3,12,24,1,8,64.3,18.9,5.7,3,8.7,8,1,1.2,0.9,23,0,0,NA,100,NA,0,NA,NA,0,NA,NA,NA,EW,39671,NA,66.7,NA,NA,50,37,6.2,3.1,0,0,0,0
8652091,413680,128866,LA maintained schools,Primary,Does not apply,South West,Salisbury,Wiltshire,Salisbury St Martin's and Cathedral,5,7,49,12,2,14,19,3,13,40,24.1,9.7,1.8,11.5,7.7,1.3,3.6,0.7,21.3,0,0,34.2,96,NA,0,NA,0,NA,NA,NA,NA,EW,34957,0,0,NA,NA,31.3,20.5,4.1,1.3,0,0,0,0
8652136,386652,151267,LA maintained schools,Primary,Does not apply,South West,South West Wiltshire,Wiltshire,Westbury West,5,7,46,12,2,14,15,2,15,35.7,26.8,9.1,2,11.1,9.6,1.8,4.3,0.9,15.8,36,0,NA,100,NA,0,0,0,0,NA,NA,0,EW,35867,41.7,58.3,NA,NA,60,191.5,21.3,12.8,0,0,0,0
8652137,380615,159277,LA maintained schools,Primary,Does not apply,South West,Chippenham,Wiltshire,Winsley and Westwood,4,11,26,6,1,7,9,3,7,NA,10.9,4.7,1,5.7,3.3,1.2,0.7,0.6,18.8,NA,0,NA,100,NA,0,0,NA,0,NA,0,0,EW,33914,66.7,NA,NA,NA,50,48.5,12.1,6.1,0,0,0,0
8652140,406540,182395,LA maintained schools,Primary,Does not apply,South West,North Wiltshire,Wiltshire,Royal Wootton Bassett South,5,7,25,5,3,8,8,3,6,NA,11.5,4.2,2.6,6.8,2.5,0.9,1.3,0.4,25.7,NA,0,50,100,NA,0,0,0,0,NA,NA,0,EW,36520,NA,NA,0,NA,NA,NA,NA,NA,0,0,0,0
8652159,418827,143826,LA maintained schools,Primary,Does not apply,South West,Devizes,Wiltshire,"Bulford, Allington and Figheldean",3,11,56,16,2,18,18,6,14,22.2,31.3,14.7,2,16.7,6.3,4.7,3.6,0.4,16.4,NA,0,NA,100,NA,0,NA,0,0,NA,NA,NA,EW,36357,62.5,37.5,25,NA,44.4,75.5,9.4,4.2,1,6.7,0,0
8652162,407110,182359,LA maintained schools,Primary,Does not apply,South West,North Wiltshire,Wiltshire,Royal Wootton Bassett South,7,11,33,10,2,12,11,2,8,50,17.6,7.6,2,9.6,5.2,1.1,1.7,0.5,21.6,NA,0,41.8,89.6,NA,0,NA,0,0,NA,NA,NA,EW,37193,0,0,NA,NA,50,18.5,3.1,1.5,0,0,0,0
8652168,400500,170958,LA maintained schools,Primary,Does not apply,South West,North Wiltshire,Wiltshire,Calne Central,4,11,38,7,4,11,15,4,8,NA,24.4,7,3.2,10.2,10.6,2.2,1.4,1,19.3,NA,NA,NA,100,NA,NA,0,24.2,0,0,0,0,EW,37737,0,0,NA,36.4,70,58.5,8.4,5.8,0,0,0,0
8652170,384860,156414,LA maintained schools,Primary,Does not apply,South West,South West Wiltshire,Wiltshire,Trowbridge Grove,4,11,61,16,4,20,24,4,13,30,43.1,13,4,17,18.7,2.9,4.5,1.1,23.1,17.6,NA,NA,100,NA,NA,NA,31,NA,0,NA,0,EW,34521,56.3,43.8,0,20,36.4,33,4.1,1.5,0,0,0,0
8652178,386341,144782,LA maintained schools,Primary,Does not apply,South West,South West Wiltshire,Wiltshire,Warminster West,4,11,28,8,2,10,13,2,3,40,15.2,5.6,2,7.6,5.7,1.6,0.3,0.7,16.8,NA,0,NA,100,NA,0,NA,NA,0,NA,NA,NA,EW,35771,75,NA,0,NA,NA,NA,NA,0.9,0,0,0,0
8652180,390899,173689,LA maintained schools,Primary,Does not apply,South West,Chippenham,Wiltshire,Chippenham Cepen Park and Redlands,4,11,67,11,3,14,38,4,11,NA,28.6,9.8,3,12.8,9.3,2.8,3.7,0.7,23,NA,0,NA,100,NA,0,0,NA,0,0,0,0,EW,37912,45.5,54.5,NA,NA,38.5,42,8.4,3.2,0,0,0,0
8652184,407463,182993,LA maintained schools,Primary,Does not apply,South West,North Wiltshire,Wiltshire,Royal Wootton Bassett North,4,11,56,12,2,14,21,3,18,NA,29.3,10.6,2,12.6,9.7,2.5,4.5,0.8,20.4,23.8,0,NA,92.1,NA,0,NA,NA,0,NA,NA,NA,EW,35170,0,0,33.3,NA,57.1,56.5,7.1,4,0,0,0,0
8652185,381709,132474,LA maintained schools,Primary,Does not apply,South West,South West Wiltshire,Wiltshire,Mere,4,11,40,10,2,12,8,5,15,41.7,20.8,6.4,2,8.4,5.9,1.6,4.9,0.7,23,NA,0,38.1,100,NA,0,0,0,0,0,NA,0,EW,38087,60,NA,NA,NA,45.5,28,5.6,2.5,0,0,0,0
8652190,411894,131428,LA maintained schools,Primary,Does not apply,South West,Salisbury,Wiltshire,Salisbury Bemerton,2,11,34,7,4,11,16,5,2,NA,21.3,5.7,4,9.7,8.6,2.6,0.4,0.9,22.6,NA,0,31.5,89.7,NA,0,0,0,0,0,0,NA,EW,39044,0,0,NA,36.4,26.7,45.5,11.4,3,0,0,0,0
8652191,413341,130471,LA maintained schools,Primary,Does not apply,South West,Salisbury,Wiltshire,Salisbury St Paul's,5,11,58,10,2,12,19,5,22,NA,32.5,9.8,2,11.8,13.5,2.5,4.7,1.1,18.7,0,0,23.7,91.5,NA,NA,0,0,0,0,NA,0,EW,35239,0,0,40,NA,42.9,32,5.3,2.3,0,0,0,0
8652196,385570,156558,LA maintained schools,Primary,Does not apply,South West,South West Wiltshire,Wiltshire,Trowbridge Drynham,4,11,42,11,3,14,14,5,9,35.7,24.2,8.6,2.6,11.2,7.4,3.5,2.1,0.7,21.3,NA,NA,NA,85.4,NA,NA,NA,NA,0,0,NA,0,EW,36297,NA,0,NA,NA,84.2,111.5,7,5.9,0,0,0,0
8652198,390350,122739,LA maintained schools,Primary,Does not apply,South West,South West Wiltshire,Wiltshire,Tisbury,4,11,14,3,1,4,3,2,5,NA,7.2,2.8,1,3.8,1,1.6,0.8,0.3,21.3,0,0,NA,100,NA,0,NA,NA,0,NA,0,0,EW,36025,NA,NA,NA,NA,100,92.5,23.1,23.1,0,0,0,0
8652218,393065,172080,LA maintained schools,Primary,Does not apply,South West,Chippenham,Wiltshire,Chippenham Pewsham,4,11,71,18,3,21,26,7,17,47.8,37.2,14.1,3,17.1,13.7,3.1,3.3,0.8,21.6,16.9,0,25.9,100,NA,NA,0,0,0,0,0,0,EW,38578,33.3,66.7,27.8,NA,58.3,76.5,5.5,3.2,0,0,0,0
8652222,384506,157996,LA maintained schools,Primary,Does not apply,South West,South West Wiltshire,Wiltshire,Trowbridge Central,4,11,45,13,3,16,14,7,8,43.8,27.5,10,3,13,9.6,2.6,2.3,0.7,23.5,NA,NA,23.1,100,NA,0,0,0,0,0,NA,0,EW,34546,61.5,38.5,NA,NA,33.3,40.5,6.8,2.3,0,0,0,0
8652225,387683,151710,LA maintained schools,Primary,Does not apply,South West,South West Wiltshire,Wiltshire,Westbury East,4,11,56,21,2,23,19,4,10,65.2,25.6,10.1,2,12.1,8.9,2,2.6,0.7,24.3,24.8,0,30.2,83.5,NA,0,NA,0,0,0,NA,0,EW,35576,0,0,23.8,NA,62.5,54,5.4,3.4,0,0,0,0
8652226,392513,172561,LA maintained schools,Primary,Does not apply,South West,Chippenham,Wiltshire,Chippenham Hardens and England,4,11,62,12,3,15,28,7,12,33.3,26.6,9.2,3,12.2,10.4,2.5,1.5,0.9,16.7,19.7,0,23.8,100,NA,0,NA,NA,0,0,0,0,EW,36698,50,50,33.3,NA,93.8,34,2.3,2.1,0,0,0,0
8652227,385268,157552,LA maintained schools,Primary,Does not apply,South West,South West Wiltshire,Wiltshire,Trowbridge Central,4,11,45,11,3,14,15,3,13,NA,26.1,9.9,3,12.9,8.5,2,2.7,0.7,17.9,NA,0,NA,100,NA,NA,NA,0,0,NA,NA,NA,EW,34136,0,0,NA,NA,60,136,15.1,9.1,0,0,2,15.4
8653000,407127,161685,LA maintained schools,Primary,Church of England,South West,Devizes,Wiltshire,Urchfont and The Cannings,4,11,31,7,2,9,13,3,6,NA,13.6,5.8,2,7.8,2.9,1.8,1.1,0.4,19.6,NA,0,49,74.2,NA,NA,0,NA,0,NA,NA,0,EW,36276,NA,0,NA,NA,NA,NA,NA,NA,0,0,0,0
8653002,404451,193999,LA maintained schools,Primary,Church of England,South West,North Wiltshire,Wiltshire,Minety,4,11,33,10,2,12,11,5,5,50,16.3,6.8,2,8.8,5.2,2,0.3,0.6,23.5,0,0,NA,77.3,NA,NA,NA,NA,0,NA,0,0,EW,38306,0,0,NA,NA,NA,NA,NA,NA,0,0,0,0
8653013,382591,168585,LA maintained schools,Primary,Church of England,South West,North Wiltshire,Wiltshire,Box and Colerne,4,11,29,11,2,13,7,3,6,53.8,14,6.7,2,8.7,3.1,1.4,0.8,0.4,20.3,NA,0,0,100,NA,0,NA,0,0,NA,0,NA,EW,36743,45.5,54.5,NA,NA,36.4,33.5,8.4,3,0,0,0,0
8653015,382684,161457,LA maintained schools,Primary,Church of England,South West,Chippenham,Wiltshire,Bradford-on-Avon North,4,11,81,26,3,29,26,6,20,67.6,40.1,16.2,3,19.2,12.6,3.4,4.9,0.7,22,15.5,0,26.2,100,NA,NA,0,0,NA,NA,NA,NA,EW,34821,57.7,42.3,0,NA,51.6,55,3.4,1.8,0,0,0,0
8653017,415580,128021,LA maintained schools,Primary,Church of England,South West,Salisbury,Wiltshire,Downton and Ebble Valley,4,11,13,5,1,6,3,4,0,66.7,6.5,3,1,4,1.3,1.2,0,0.3,16.8,NA,0,NA,85,NA,0,NA,NA,0,0,0,0,EW,32782,0,0,0,NA,NA,NA,NA,11,0,0,0,0
8653018,410316,176694,LA maintained schools,Primary,Church of England,South West,Devizes,Wiltshire,West Selkley,4,11,19,5,1,6,8,2,3,NA,9.8,4,1,5,3.3,1.1,0.4,0.7,20.1,0,0,NA,100,NA,0,0,NA,0,NA,0,NA,EW,34811,NA,NA,NA,NA,NA,NA,NA,0.7,0,0,0,0
8653019,408932,178305,LA maintained schools,Primary,Church of England,South West,North Wiltshire,Wiltshire,Royal Wootton Bassett East,4,11,17,4,1,5,5,2,5,NA,8.2,3,1,4,2.7,1,0.5,0.7,18.8,NA,NA,0,100,NA,0,0,0,0,NA,0,0,EW,38356,0,NA,NA,NA,NA,NA,NA,0.1,0,0,0,0
8653020,396441,165215,LA maintained schools,Primary,Church of England,South West,Devizes,Wiltshire,"Bromham, Rowde and Potterne",4,11,23,7,1,8,8,2,5,87.5,11.2,3.4,1,4.4,4.8,0.4,1.6,1.1,18.9,0,0,NA,100,NA,0,0,0,0,NA,0,0,EW,32370,0,0,0,NA,NA,NA,NA,0.1,0,0,0,0
8653035,403432,170076,LA maintained schools,Primary,Church of England,South West,North Wiltshire,Wiltshire,Calne South and Cherhill,4,11,28,10,2,12,8,2,6,50,15.3,7.2,2,9.2,4.1,1.1,0.9,0.5,22,0,0,NA,100,NA,0,0,0,0,NA,0,0,EW,36210,0,0,NA,NA,57.1,115,14.4,8.2,0,0,0,0
8653036,407296,157524,LA maintained schools,Primary,Church of England,South West,Devizes,Wiltshire,Pewsey Vale,4,11,18,4,1,5,6,2,5,NA,7.8,2.8,1,3.8,1.9,1.1,1,0.5,12.1,NA,0,NA,100,NA,0,0,NA,0,NA,0,0,EW,NA,NA,NA,0,NA,NA,NA,NA,1,0,0,0,0
8653040,381943,171418,LA maintained schools,Primary,Church of England,South West,North Wiltshire,Wiltshire,Box and Colerne,4,11,50,13,1,14,19,4,13,50,27.6,10.8,1,11.8,9.7,2.2,3.9,0.8,21.4,NA,0,NA,100,NA,NA,NA,0,0,0,NA,NA,EW,36472,38.5,61.5,NA,NA,50,19.5,2.4,1.2,0,0,0,0
8653045,409891,193608,LA maintained schools,Primary,Church of England,South West,North Wiltshire,Wiltshire,Cricklade and Latton,4,11,49,17,2,19,14,3,13,33.3,27.4,14.6,2,16.6,5.6,2.3,2.9,0.3,19,20.3,0,21.8,100,NA,NA,0,0,0,NA,NA,0,EW,35459,70.6,29.4,23.5,NA,57.9,46.5,4.2,2.4,0,0,0,0
8653047,385941,142596,LA maintained schools,Primary,Church of England,South West,South West Wiltshire,Wiltshire,Warminster Without,4,11,17,5,2,7,4,2,4,NA,9.9,3.5,2,5.5,2.6,1.2,0.6,0.5,18.5,0,0,NA,100,NA,0,0,0,0,NA,NA,0,EW,38040,0,NA,0,NA,NA,NA,NA,3.8,0,0,0,0
8653048,395497,192876,LA maintained schools,Primary,Church of England,South West,North Wiltshire,Wiltshire,Minety,4,11,24,7,2,9,7,2,6,50,11.7,4.5,2,6.5,3.6,1,0.6,0.6,19.6,NA,NA,33.4,89.1,NA,0,0,0,0,NA,NA,0,EW,34607,57.1,NA,0,NA,NA,NA,NA,0.3,0,0,0,0
8653049,424187,153954,LA maintained schools,Primary,Church of England,South West,Devizes,Wiltshire,The Collingbournes and Netheravon,4,11,19,5,1,6,6,3,4,0,11.5,5,1,6,3.3,1.5,0.7,0.6,17.6,NA,0,NA,100,NA,0,NA,0,0,NA,0,NA,EW,35195,80,NA,NA,NA,57.1,19,4.8,2.7,0,0,0,0
8653063,416119,144134,LA maintained schools,Primary,Church of England,South West,Devizes,Wiltshire,Durrington and Larkhill,7,11,36,11,2,13,15,3,5,53.8,16.6,6.3,2,8.3,5.4,1.9,1,0.6,21.2,NA,0,NA,100,NA,0,0,0,0,NA,0,0,EW,36835,45.5,54.5,NA,NA,58.3,35,5,2.9,0,0,0,0
8653086,399814,166340,LA maintained schools,Primary,Church of England,South West,North Wiltshire,Wiltshire,Calne Rural,5,11,15,4,1,5,5,1,4,NA,8.3,3,1,4,2.6,0.8,0.9,0.6,16.9,NA,0,0,100,NA,0,0,0,0,NA,0,0,EW,36120,0,0,NA,NA,66.7,19,4.8,3.2,0,0,0,0
8653088,387089,159505,LA maintained schools,Primary,Church of England,South West,Chippenham,Wiltshire,Hilperton,4,11,26,8,2,10,12,2,2,50,13.3,6.3,1.8,8.1,4.2,0.8,0.2,0.5,21.4,0,NA,NA,75.3,NA,0,0,0,0,NA,0,NA,EW,33288,0,NA,0,NA,NA,NA,NA,NA,0,0,0,0
8653090,386607,162055,LA maintained schools,Primary,Church of England/United Reformed Church,South West,Chippenham,Wiltshire,Holt and Staverton,4,11,28,13,0,13,11,2,2,71.4,13.8,8.1,0,8.1,4.9,0.6,0.2,0.6,23.1,NA,0,28.6,91.7,NA,NA,NA,0,0,NA,0,NA,EW,34666,69.2,NA,0,0,NA,NA,NA,NA,0,0,0,0
8653091,389758,182422,LA maintained schools,Primary,Church of England,South West,North Wiltshire,Wiltshire,By Brook,2,11,22,7,2,9,6,5,2,NA,14.6,5.9,2,7.9,3.8,2.6,0.3,0.5,20.3,38,0,NA,100,NA,0,0,0,0,0,0,NA,EW,32241,71.4,NA,0,NA,44.4,28.5,7.1,3.2,0,0,0,0
8653096,390120,177638,LA maintained schools,Primary,Church of England,South West,North Wiltshire,Wiltshire,Kington,5,11,18,7,1,8,7,3,0,50,11.3,5.2,1,6.2,3.7,1.4,0,0.6,18.5,0,0,45.2,100,NA,0,0,0,0,NA,0,0,EW,37750,NA,57.1,NA,NA,NA,NA,NA,0.1,0,0,0,0
8653100,391570,168451,LA maintained schools,Primary,Church of England,South West,Chippenham,Wiltshire,Corsham Without and Box Hill,4,11,21,5,1,6,7,3,5,66.7,8.2,2.9,1,3.9,2.4,1.4,0.5,0.6,17.3,NA,0,NA,87.2,NA,0,0,0,0,NA,0,0,EW,35049,0,0,NA,NA,NA,NA,NA,5.2,0,0,0,0
8653102,392380,176848,LA maintained schools,Primary,Church of England,South West,North Wiltshire,Wiltshire,Kington,4,11,19,5,1,6,5,3,5,83.3,8.7,4,1,5,1.7,1.4,0.6,0.3,18.7,NA,NA,60.6,100,NA,0,NA,NA,0,NA,0,NA,EW,38789,NA,80,NA,NA,66.7,14,3.5,2.3,0,0,0,0
8653104,395965,186772,LA maintained schools,Primary,Church of England,South West,North Wiltshire,Wiltshire,Brinkworth,4,11,26,7,1,8,9,3,6,62.5,10.7,4.4,1,5.4,3.3,1,1,0.6,21.7,NA,0,NA,100,NA,0,0,0,0,NA,NA,0,EW,39067,NA,57.1,NA,NA,NA,NA,NA,0.1,0,0,0,0
8653134,421727,140294,LA maintained schools,Primary,Church of England,South West,Salisbury,Wiltshire,"Bulford, Allington and Figheldean",5,11,17,5,1,6,7,3,1,66.7,7.8,3.4,0.6,4,2.8,0.9,0.1,0.7,11.3,0,0,NA,100,NA,0,0,NA,NA,NA,0,NA,EW,40089,NA,NA,0,NA,NA,NA,NA,7.6,0,0,1,33.3
8653135,385517,154906,LA maintained schools,Primary,Church of England,South West,South West Wiltshire,Wiltshire,Southwick,4,11,55,17,2,19,14,4,18,69.6,20.2,8.2,1.9,10.1,5.3,1.6,3.2,0.5,20.3,0,0,NA,85.7,NA,0,NA,0,0,0,NA,0,EW,33968,NA,41.2,NA,NA,58.3,32.5,4.6,2.7,0,0,0,0
8653140,398778,193584,LA maintained schools,Primary,Church of England,South West,North Wiltshire,Wiltshire,Minety,4,11,19,6,2,8,4,2,5,62.5,8.4,3.8,1.3,5.1,2.1,0.8,0.4,0.4,17.1,NA,0,NA,100,NA,0,0,0,0,NA,NA,0,EW,37765,66.7,NA,NA,NA,50,7,1.8,0.9,0,0,0,0
8653149,417103,168478,LA maintained schools,Primary,Church of England,South West,Devizes,Wiltshire,Marlborough West,4,11,44,11,2,13,12,4,15,42.9,19.6,8.6,2,10.6,4.9,2.1,2,0.5,19.1,NA,NA,NA,100,NA,NA,0,NA,NA,0,NA,NA,EW,35680,0,0,NA,NA,NA,NA,NA,0.1,0,0,0,0
8653150,409198,187488,LA maintained schools,Primary,Church of England,South West,North Wiltshire,Wiltshire,Purton,4,11,61,19,2,21,19,4,17,33.3,33.2,16.2,2,18.2,9.4,2.7,2.9,0.5,18.6,NA,0,15.4,100,NA,0,NA,NA,0,0,0,NA,EW,35474,52.6,47.4,NA,NA,47.6,31,3.1,1.5,0,0,0,0
8653158,413680,128866,LA maintained schools,Primary,Church of England,South West,Salisbury,Wiltshire,Salisbury St Martin's and Cathedral,7,11,51,15,3,18,18,4,11,38.9,25.8,12.1,3,15.1,7,1.9,1.8,0.5,23.1,18.6,0,19.9,100,NA,0,0,0,0,0,0,0,EW,36287,0,NA,33.3,NA,NA,NA,NA,0.2,0,0,0,0
8653161,431570,163511,LA maintained schools,Primary,Church of England,South West,Devizes,Wiltshire,Burbage and the Bedwyns,4,11,14,3,1,4,8,1,1,NA,7,2.6,1,3.6,2.6,0.7,0.1,0.7,14.7,0,0,NA,100,NA,0,0,0,0,NA,0,NA,EW,39204,NA,NA,NA,NA,NA,NA,NA,0.3,0,0,0,0
8653163,385045,186076,LA maintained schools,Primary,Church of England,South West,North Wiltshire,Wiltshire,Sherston,4,11,33,11,2,13,11,3,6,35.7,18.1,8.2,2,10.2,5.3,1.7,0.9,0.5,17.6,NA,NA,NA,90.4,NA,0,0,NA,0,NA,0,0,EW,34237,0,NA,NA,NA,46.2,75,12.5,5.8,0,0,0,0
8653166,383754,155094,LA maintained schools,Primary,Church of England,South West,South West Wiltshire,Wiltshire,Southwick,4,11,40,11,2,13,16,3,8,38.5,19.4,8.1,2,10.1,5.7,1.6,2,0.6,19.1,NA,0,29.6,100,NA,NA,0,0,NA,NA,NA,0,EW,36164,0,NA,NA,NA,30.8,13,3.3,1,0,0,0,0
8653170,385624,160470,LA maintained schools,Primary,Church of England,South West,Chippenham,Wiltshire,Holt and Staverton,4,11,52,13,2,15,15,9,13,33.3,27.7,10.4,2,12.4,7.3,3.9,4.1,0.6,21.4,NA,0,23.3,100,NA,NA,0,0,0,NA,NA,0,EW,32849,84.6,NA,NA,NA,40,19,3.2,1.3,0,0,0,0
8653172,413095,132444,LA maintained schools,Primary,Church of England,South West,Salisbury,Wiltshire,Salisbury St Francis and Stratford,4,11,26,5,2,7,14,5,0,NA,17.2,4.5,1.9,6.4,8.6,2.2,0,1.3,21.8,0,0,NA,100,NA,0,0,0,0,0,0,0,EW,37536,0,0,0,NA,66.7,19,3.2,2.1,0,0,0,0
8653174,390228,141761,LA maintained schools,Primary,Church of England,South West,South West Wiltshire,Wiltshire,Warminster Without,4,11,26,8,2,10,9,2,5,40,15.7,6.3,2,8.3,5.4,0.9,1.1,0.6,21.3,NA,0,NA,100,NA,0,0,NA,0,NA,0,NA,EW,37253,0,NA,0,NA,NA,NA,NA,0.6,0,0,0,0
8653186,403647,157097,LA maintained schools,Primary,Church of England,South West,Devizes,Wiltshire,Urchfont and The Cannings,4,11,17,4,2,6,6,3,2,NA,9.8,3.3,2,5.3,2.8,1.2,0.5,0.5,19.6,NA,0,NA,100,NA,0,0,0,0,NA,0,NA,EW,38206,0,0,0,NA,NA,NA,NA,NA,0,0,0,0
8653191,386916,145047,LA maintained schools,Primary,Church of England,South West,South West Wiltshire,Wiltshire,Warminster West,4,11,39,8,2,10,17,3,9,NA,18.4,7.2,2,9.2,5.3,1.5,2.4,0.6,23.7,NA,0,NA,78.3,NA,0,0,0,0,NA,NA,0,EW,37812,NA,NA,NA,NA,45.5,45,9,4.1,0,0,0,0
8653192,386394,151336,LA maintained schools,Primary,Church of England,South West,South West Wiltshire,Wiltshire,Westbury West,7,11,46,12,2,14,17,4,11,42.9,27.5,9.9,2,11.9,11.6,1.4,2.6,1,18.8,NA,0,30.3,100,NA,NA,0,0,0,0,NA,0,EW,39654,0,0,NA,NA,71.4,59.5,6,4.3,0,0,0,0
8653193,385990,150305,LA maintained schools,Primary,Church of England,South West,South West Wiltshire,Wiltshire,Westbury West,4,11,64,17,3,20,22,4,18,20,36.7,15,3,18,10.6,2.8,5.3,0.6,21.9,13.3,0,21.7,100,NA,0,0,NA,0,0,NA,NA,EW,36364,64.7,35.3,NA,NA,59.1,49.5,3.8,2.3,0,0,0,0
8653199,380247,161208,LA maintained schools,Primary,Church of England,South West,Chippenham,Wiltshire,Winsley and Westwood,4,11,29,7,2,9,12,4,4,55.6,14.1,5.6,1.8,7.4,4.7,1.6,0.4,0.6,21.6,0,NA,0,100,NA,NA,0,NA,0,0,NA,0,EW,33981,0,0,0,NA,77.8,33,4.7,3.7,0,0,0,0
8653201,417361,134238,LA maintained schools,Primary,Church of England,South West,Salisbury,Wiltshire,Bourne and Woodford Valley,4,11,27,9,2,11,10,4,2,45.5,16.2,7,2,9,5.5,1.4,0.3,0.6,21.6,NA,0,35.6,100,NA,0,0,0,NA,0,0,NA,EW,37323,NA,66.7,0,NA,NA,NA,NA,0.5,0,0,0,0
8653205,386987,144627,LA maintained schools,Primary,Church of England,South West,South West Wiltshire,Wiltshire,Warminster Broadway,4,11,24,6,2,8,8,3,5,NA,14.9,4.8,2,6.8,4.8,2.2,1.1,0.7,20.4,0,NA,41.2,100,NA,NA,0,NA,0,NA,NA,NA,EW,37833,0,0,NA,NA,66.7,29,4.8,3.2,0,0,0,0
8653220,402553,190792,LA maintained schools,Primary,Church of England,South West,North Wiltshire,Wiltshire,Minety,4,11,21,7,2,9,6,3,3,44.4,10.4,4.8,2,6.8,2.2,1.1,0.3,0.3,20.3,NA,0,70.4,100,NA,0,0,NA,0,NA,0,NA,EW,36013,0,NA,0,NA,NA,NA,NA,0.3,0,0,0,0
8653222,401537,154805,LA maintained schools,Primary,Church of England,South West,Devizes,Wiltshire,The Lavingtons and Erlestoke,2,11,20,2,2,4,7,5,4,0,9.6,2,2,4,3.4,1.9,0.3,0.8,18,NA,0,0,100,NA,0,NA,0,0,0,0,0,EW,40057,NA,NA,NA,NA,NA,NA,NA,NA,0,0,0,0
8653229,410991,126087,LA maintained schools,Primary,Church of England,South West,Salisbury,Wiltshire,Downton and Ebble Valley,4,11,22,5,2,7,6,3,6,NA,10.3,3.2,2,5.2,3.3,0.9,0.9,0.6,18.3,NA,0,46.2,100,NA,0,0,0,0,NA,0,NA,EW,36096,0,0,0,NA,NA,NA,NA,1.3,0,0,0,0
8653230,401353,131511,LA maintained schools,Primary,Church of England,South West,South West Wiltshire,Wiltshire,Nadder and East Knoyle,4,11,28,7,1,8,6,6,8,50,12.6,4.3,1,5.3,3.9,1.4,2,0.7,19.1,0,0,88.2,100,NA,0,0,0,0,0,NA,NA,EW,37391,57.1,NA,NA,NA,NA,NA,NA,0.4,0,0,0,0
8653239,393994,129807,LA maintained schools,Primary,Church of England,South West,South West Wiltshire,Wiltshire,Tisbury,4,11,17,4,1,5,7,1,4,NA,11.2,3.9,1,4.9,4.6,0.9,0.8,0.9,23,0,0,NA,100,NA,0,0,0,0,NA,0,0,EW,29362,100,0,NA,NA,NA,NA,NA,9.2,0,0,0,0
8653242,401334,184306,LA maintained schools,Primary,Church of England,South West,North Wiltshire,Wiltshire,Brinkworth,4,11,31,8,2,10,9,6,6,NA,18.3,6.9,2,8.9,4.7,2.8,1.9,0.5,19,NA,NA,NA,100,NA,0,0,NA,0,0,NA,NA,EW,35470,0,0,NA,NA,60,81.5,13.6,8.2,0,0,0,0
8653243,428106,165026,LA maintained schools,Primary,Church of England,South West,Devizes,Wiltshire,Burbage and the Bedwyns,4,11,31,11,2,13,9,2,7,53.8,14.5,6.8,2,8.8,3.3,1.5,0.9,0.4,24.2,0,0,28.8,100,NA,0,NA,NA,0,NA,NA,0,EW,38363,0,54.5,36.4,NA,NA,NA,NA,2.6,0,0,0,0
8653300,426306,175786,LA maintained schools,Primary,Church of England,South West,Devizes,Wiltshire,Aldbourne and Ramsbury,4,11,38,10,2,12,15,5,6,41.7,19.4,6.9,2,8.9,7.6,2,0.9,0.9,21.8,33.7,0,29.2,100,NA,0,NA,NA,0,0,NA,NA,EW,35245,NA,50,0,NA,NA,NA,NA,0.2,0,0,0,0
8653306,428284,178036,LA maintained schools,Primary,Church of England,South West,Devizes,Wiltshire,Aldbourne and Ramsbury,4,11,23,7,2,9,5,2,7,44.4,13.6,5.2,2,7.2,2.9,1.9,1.6,0.4,17.5,0,0,29.1,100,NA,0,0,0,0,NA,NA,NA,EW,37123,0,0,NA,NA,NA,NA,NA,NA,0,0,0,0
8653308,403887,164350,LA maintained schools,Primary,Church of England,South West,Devizes,Wiltshire,Urchfont and The Cannings,4,11,35,9,2,11,16,2,6,30.8,19,8.1,2,10.1,6.9,1.2,0.8,0.7,20.3,38.5,0,NA,91.6,NA,NA,0,0,0,NA,NA,0,EW,38121,0,0,NA,NA,38.5,13,2.6,1,0,0,0,0
8653316,382537,147844,LA maintained schools,Primary,Church of England,South West,South West Wiltshire,Wiltshire,Warminster Without,4,11,20,8,1,9,5,1,5,55.6,10.8,4.6,1,5.6,2.9,1,1.3,0.5,21.1,NA,0,NA,100,NA,0,NA,0,0,NA,NA,0,EW,34086,NA,50,NA,NA,36.4,11,2.8,1,0,0,0,0
8653318,432161,170776,LA maintained schools,Primary,Church of England,South West,Devizes,Wiltshire,Aldbourne and Ramsbury,4,11,14,4,1,5,3,2,4,NA,8.3,3.9,1,4.9,1.6,0.3,1.5,0.3,17.6,0,0,NA,100,NA,0,NA,NA,0,NA,0,0,EW,39293,0,NA,NA,NA,NA,NA,NA,2.2,0,0,0,0
8653330,396179,170859,LA maintained schools,Primary,Church of England,South West,North Wiltshire,Wiltshire,Calne Rural,5,11,50,6,3,9,22,7,12,NA,20.5,5.8,2.6,8.4,6.9,2.8,2.4,0.8,24.8,0,NA,0,100,NA,0,0,NA,NA,0,NA,0,EW,35782,66.7,NA,0,NA,60,16.5,2.8,1.6,0,0,0,0
8653355,419247,136829,LA maintained schools,Primary,Church of England,South West,Salisbury,Wiltshire,Bourne and Woodford Valley,5,11,21,6,1,7,7,1,6,NA,11.5,5.2,1,6.2,3.8,0.6,0.9,0.6,19,0,0,NA,100,NA,0,NA,0,0,NA,NA,0,EW,34760,0,0,NA,NA,87.5,42,6,5.3,0,0,0,0
8653362,416061,131021,LA maintained schools,Primary,Church of England,South West,Salisbury,Wiltshire,"Laverstock, Ford and Old Sarum",4,11,33,11,2,13,8,3,9,38.5,17.8,7.2,2,9.2,4.8,2.1,1.7,0.5,22.3,NA,0,31.3,67.4,100,0,0,0,0,NA,0,0,EW,34770,0,0,0,NA,28.6,21,5.3,1.5,0,0,0,0
8653372,425122,117657,LA maintained schools,Primary,Church of England,South West,Salisbury,Wiltshire,Redlynch and Landford,5,11,36,10,2,12,12,3,9,50,17.5,6.8,2,8.8,4.7,1.6,2.4,0.5,19.9,NA,0,NA,88.6,NA,0,NA,0,0,NA,0,0,EW,36116,0,NA,NA,NA,61.5,175,21.9,13.5,0,0,0,0
8653381,412434,156139,LA maintained schools,Primary,Church of England,South West,Devizes,Wiltshire,Pewsey Vale,5,11,20,5,2,7,8,2,3,NA,11.9,4,2,6,4.6,0.9,0.4,0.8,20.7,NA,0,50,100,NA,0,NA,0,0,NA,0,NA,EW,38259,80,NA,0,NA,NA,NA,NA,2.3,0,0,0,0
8653383,413569,130871,LA maintained schools,Primary,Church of England,South West,Salisbury,Wiltshire,Salisbury St Paul's,4,11,41,10,2,12,11,5,13,41.7,22.2,7.7,1.8,9.5,7.4,2.3,3,0.8,22.8,0,0,31.7,100,NA,0,NA,0,0,0,NA,NA,EW,36942,0,0,NA,NA,35.7,21.5,4.3,1.5,0,0,0,0
8653387,415270,129827,LA maintained schools,Primary,Church of England,South West,Salisbury,Wiltshire,Salisbury St Martin's and Cathedral,4,11,34,12,2,14,11,4,5,42.9,20.2,9.4,2,11.4,6,1.7,1.1,0.5,15.5,0,0,33.3,100,NA,NA,NA,NA,NA,0,0,NA,EW,34019,NA,NA,NA,NA,NA,NA,NA,0.2,0,0,0,0
8653396,403460,148027,LA maintained schools,Primary,Church of England,South West,Salisbury,Wiltshire,Till and Wylye Valley,2,11,20,4,1,5,9,2,4,NA,7.9,2.9,1,3.9,3,0.8,0.2,0.8,17.9,0,NA,70.9,100,NA,0,0,NA,0,NA,0,NA,EW,34792,NA,NA,0,NA,NA,NA,NA,NA,0,0,0,0
8653402,424625,123257,LA maintained schools,Primary,Church of England,South West,Salisbury,Wiltshire,Alderbury and Whiteparish,4,11,30,7,1,8,12,2,8,50,13.7,5.9,1,6.9,5.2,1,0.6,0.8,20.5,NA,0,NA,100,NA,NA,NA,0,0,NA,0,0,EW,36123,71.4,NA,NA,NA,50,33.5,8.4,4.2,0,0,0,0
8653405,423773,132759,LA maintained schools,Primary,Church of England,South West,Salisbury,Wiltshire,Winterslow,4,11,32,10,2,12,10,3,7,58.3,14.6,6.3,2,8.3,4,1.6,0.7,0.5,20.6,NA,0,NA,100,NA,0,0,0,NA,NA,0,0,EW,36301,0,0,NA,NA,38.5,43,8.6,3.3,0,0,0,0
8653406,410657,159876,LA maintained schools,Primary,Church of England,South West,Devizes,Wiltshire,Pewsey Vale,4,11,24,8,2,10,5,6,3,40,12.8,6.8,2,8.8,1.7,1.9,0.4,0.2,17.8,0,NA,NA,100,NA,0,0,NA,0,0,0,NA,EW,37100,NA,62.5,NA,NA,NA,NA,NA,NA,0,0,0,0
8653412,415808,141228,LA maintained schools,Primary,Roman Catholic,South West,Salisbury,Wiltshire,Amesbury West,4,11,48,11,2,13,16,5,14,NA,28.5,10.6,2,12.6,8.7,3.1,4.1,0.7,18.7,NA,NA,NA,93.2,NA,NA,37.5,NA,NA,0,NA,NA,EW,34000,72.7,NA,NA,NA,62.5,65,6.5,4.1,0,0,0,0
8653418,393502,187305,LA maintained schools,Primary,Roman Catholic,South West,North Wiltshire,Wiltshire,Malmesbury,4,11,18,7,1,8,6,3,1,NA,11.5,5.5,1,6.5,3.2,1.7,0.1,0.5,22.6,NA,0,0,100,NA,0,NA,0,0,NA,0,NA,EW,38177,0,71.4,NA,NA,NA,NA,NA,7.4,0,0,0,0
8653425,414517,129268,LA maintained schools,Primary,Roman Catholic,South West,Salisbury,Wiltshire,Salisbury St Martin's and Cathedral,4,11,42,11,2,13,17,2,10,38.5,20.1,8,2,10,6.4,1.2,2.5,0.6,20.4,NA,NA,NA,100,NA,0,NA,NA,0,NA,NA,NA,EW,36901,0,NA,NA,NA,57.1,63.5,7.9,4.5,0,0,0,0
8653430,385012,157737,LA maintained schools,Primary,Roman Catholic,South West,South West Wiltshire,Wiltshire,Trowbridge Central,4,11,59,13,3,16,20,8,15,62.5,28.8,10.3,1.8,12.1,9.8,3.7,3.2,0.8,26.4,NA,0,NA,100,NA,0,0,NA,NA,NA,NA,NA,EW,36731,53.8,46.2,NA,NA,25,14.5,3.6,0.9,0,0,0,0
8653435,392605,127342,LA maintained schools,Primary,Roman Catholic,South West,South West Wiltshire,Wiltshire,Tisbury,4,11,17,6,1,7,6,1,3,57.1,10,4,1,5,3.6,1,0.4,0.7,21,NA,NA,NA,100,NA,0,0,0,0,NA,0,NA,EW,33335,100,0,NA,NA,NA,NA,NA,NA,0,0,0,0
8653437,387417,170133,LA maintained schools,Primary,Roman Catholic,South West,Chippenham,Wiltshire,Corsham Town,4,11,35,12,2,14,13,2,6,64.3,17,7.5,2,9.5,5.4,1,1.1,0.6,20.9,NA,0,NA,100,NA,0,NA,0,0,NA,NA,NA,EW,35971,50,50,33.3,NA,50,38,5.4,2.7,0,0,0,0
8653448,412109,130517,LA maintained schools,Primary,Church of England,South West,Salisbury,Wiltshire,Salisbury Fisherton and Bemerton Village,4,11,35,10,2,12,16,2,5,50,20.3,8.2,2,10.2,7.4,1.5,1.2,0.7,20.5,NA,0,NA,100,NA,0,0,NA,0,NA,0,NA,EW,36493,60,40,NA,NA,38.5,22,4.4,1.7,0,0,0,0
8653449,404319,125225,LA maintained schools,Primary,Church of England,South West,Salisbury,Wiltshire,Fovant and Chalke Valley,4,11,47,10,2,12,18,2,15,57.1,21.3,6.6,2,8.6,7.5,1.7,3.5,0.9,23.8,NA,0,46,100,NA,NA,NA,0,0,NA,NA,NA,EW,37894,0,0,0,NA,33.3,11,2.8,0.9,0,0,0,0
8653450,408016,135525,LA maintained schools,Primary,Church of England,South West,Salisbury,Wiltshire,Till and Wylye Valley,4,11,13,5,1,6,4,3,0,NA,9.7,4.8,1,5.8,2.7,1.2,0,0.5,18.8,0,0,NA,100,NA,0,0,0,0,NA,0,0,EW,34805,80,NA,NA,NA,NA,NA,NA,NA,0,0,0,0
8653453,397050,132520,LA maintained schools,Primary,Church of England,South West,South West Wiltshire,Wiltshire,Nadder and East Knoyle,4,11,19,2,1,3,7,2,7,NA,6,1.1,1,2.1,2.4,0.6,0.9,1.1,34.4,NA,NA,NA,100,NA,0,0,0,0,NA,NA,0,EW,NA,NA,NA,NA,NA,50,18.5,3.7,1.9,0,0,2,50
8653454,389114,126805,LA maintained schools,Primary,Church of England,South West,South West Wiltshire,Wiltshire,Nadder and East Knoyle,4,11,27,5,2,7,9,4,7,NA,11.6,3.8,2,5.8,3.5,1.3,1,0.6,19.4,0,0,NA,100,NA,0,0,0,0,0,0,0,EW,37755,100,0,NA,NA,NA,NA,NA,NA,0,0,0,0
8653459,391314,132776,LA maintained schools,Primary,Church of England,South West,South West Wiltshire,Wiltshire,Nadder and East Knoyle,4,11,11,1,1,2,3,2,4,NA,5.2,0.8,1,1.8,1.6,0.8,1,0.9,24.4,0,NA,NA,NA,NA,0,NA,NA,NA,NA,0,0,EW,NA,NA,NA,NA,NA,NA,NA,NA,10.3,0,0,1,50
8653460,419354,127058,LA maintained schools,Primary,Church of England,South West,Salisbury,Wiltshire,Alderbury and Whiteparish,4,11,42,10,1,11,20,4,7,36.4,17,7.8,1,8.8,6,1.5,0.7,0.7,21.1,NA,NA,27.3,100,NA,0,NA,0,0,0,0,0,EW,37292,40,60,NA,NA,NA,NA,NA,5.4,0,0,0,0
8653461,414730,167795,LA maintained schools,Primary,Church of England,South West,Devizes,Wiltshire,West Selkley,4,11,18,5,2,7,5,1,5,57.1,8.3,2.6,2,4.6,2.6,0.3,0.8,0.6,22.6,0,0,0,100,NA,0,0,NA,0,NA,0,0,EW,34962,0,0,0,NA,NA,NA,NA,0.3,0,0,0,0
8654070,415965,141647,LA maintained schools,Secondary,Does not apply,South West,Salisbury,Wiltshire,Amesbury West,11,16,70,38,2,40,10,16,4,19.5,61.3,36.1,2,38.1,7.8,13,2.4,0.2,16.7,52,NA,28.7,95.8,NA,0,0,0,33.5,NA,NA,0,EW,42615,15.8,76.3,65.8,NA,51.2,70.5,3.2,1.6,0,0,0,0
8654610,416173,131347,LA maintained schools,Secondary,Roman Catholic,South West,Salisbury,Wiltshire,"Laverstock, Ford and Old Sarum",11,16,64,34,5,39,6,14,5,17.5,56.4,32,5,37,4.1,11.1,4.2,0.1,13.1,37.5,10.3,24.6,89.3,0,0,0,0,NA,0,NA,NA,EW,35502,NA,0,35.3,12.8,63.6,305,10.9,6.9,0,0,0,0
8655201,417428,121578,LA maintained schools,Primary,Church of England,South West,Salisbury,Wiltshire,Downton and Ebble Valley,4,11,67,11,2,13,21,7,26,38.5,24.3,9.1,2,11.1,6.8,1.9,4.5,0.6,20.2,NA,0,35.3,100,NA,NA,NA,NA,0,0,NA,NA,EW,35992,0,0,NA,NA,46.2,12,2,0.9,0,0,0,0
8655205,390411,173362,LA maintained schools,Primary,None,South West,Chippenham,Wiltshire,Chippenham Cepen Park and Derriads,4,11,60,12,2,14,24,7,15,35.7,25.7,9.5,2,11.5,8.6,2,3.6,0.8,15.7,NA,0,48,100,NA,0,0,NA,0,0,0,0,EW,37926,33.3,66.7,41.7,NA,46.2,12.5,2.1,1,0,0,0,0
8655206,384235,156937,LA maintained schools,Primary,None,South West,South West Wiltshire,Wiltshire,Trowbridge Lambrok,5,11,55,15,2,17,28,3,7,23.5,36.6,13.3,2,15.3,17.4,2,1.9,1.1,13.4,NA,0,40.5,93.5,NA,NA,0,NA,0,NA,NA,0,EW,36788,NA,0,60,NA,70.6,238.5,19.9,14,0,0,0,0
8655207,389151,144442,LA maintained schools,Primary,Roman Catholic,South West,South West Wiltshire,Wiltshire,Warminster East,4,11,27,9,2,11,8,4,4,45.5,14.5,5.7,2,7.7,3.6,1.6,1.6,0.5,24.7,NA,NA,61,100,NA,0,NA,NA,NA,0,0,0,EW,37515,0,0,NA,NA,NA,NA,NA,1.4,0,0,0,0
8655208,391326,172835,LA maintained schools,Primary,Roman Catholic,South West,Chippenham,Wiltshire,Chippenham Lowden and Rowden,2,11,51,12,2,14,17,8,12,28.6,27.7,10.2,2,12.2,7.5,3.6,4.4,0.6,27.2,NA,0,34.4,91.8,NA,NA,NA,0,0,0,NA,NA,EW,35445,41.7,58.3,NA,NA,57.1,63,7.9,4.5,0,0,0,0
8655209,386593,158173,LA maintained schools,Primary,None,South West,South West Wiltshire,Wiltshire,Trowbridge Paxcroft,4,11,68,14,2,16,26,7,19,25,31.3,11.9,2,13.9,9.2,3.4,4.8,0.7,22.6,NA,0,20.4,100,NA,0,NA,0,NA,NA,0,NA,EW,37814,NA,0,28.6,NA,66.7,119,9.9,6.6,0,0,0,0
8655212,394711,178592,LA maintained schools,Primary,Church of England,South West,North Wiltshire,Wiltshire,Kington,4,11,43,11,3,14,9,9,11,71.4,19.6,7.6,1.5,9.1,4.6,3.2,2.7,0.5,18.3,NA,0,NA,100,NA,0,0,0,NA,0,0,0,EW,34906,0,0,0,NA,63.6,35.5,5.1,3.2,0,0,0,0
8655215,426959,150847,LA maintained schools,Primary,None,South West,Devizes,Wiltshire,Ludgershall and Perham Down,4,11,44,13,2,15,17,2,10,NA,31.7,12.1,2,14.1,12.9,1.3,3.4,0.9,18.8,NA,NA,35.5,100,NA,0,0,0,0,NA,NA,NA,EW,35481,0,0,NA,NA,91.7,75,6.8,6.3,0,0,0,0
8655216,420966,131404,LA maintained schools,Primary,Church of England,South West,Salisbury,Wiltshire,Winterslow,4,11,27,3,2,5,10,3,9,0,11,3,2,5,3.9,1,1.1,0.8,19.8,NA,0,NA,100,NA,NA,0,0,0,NA,0,NA,EW,37143,NA,NA,NA,NA,NA,NA,NA,NA,0,0,0,0
8655218,423854,148891,LA maintained schools,Primary,None,South West,Devizes,Wiltshire,Tidworth,7,11,64,19,2,21,20,3,20,23.8,35.1,16.7,2,18.7,9.5,2.1,4.8,0.5,18.2,16.1,NA,19.3,94.6,NA,0,NA,0,0,NA,NA,NA,EW,36151,0,0,NA,NA,36.4,50.5,6.3,2.3,0,0,0,0
8655219,423854,148891,LA maintained schools,Primary,None,South West,Devizes,Wiltshire,Tidworth,3,7,70,15,2,17,28,4,21,29.4,37.9,14.1,1.8,15.9,13.9,3.2,4.9,0.9,19.6,0,0,NA,100,NA,0,0,0,0,0,NA,NA,EW,35583,46.7,0,NA,NA,44.4,54.5,6.8,3,0,0,0,0
8655415,386908,150891,LA maintained schools,Secondary,None,South West,South West Wiltshire,Wiltshire,Westbury West,11,18,110,61,7,68,14,21,7,21.4,98.2,55.9,7,62.9,10.5,19.4,5.4,0.2,13.6,40.8,5.7,7.8,96.9,NA,NA,NA,24.5,15.5,0,NA,0,EW,37195,45.9,52.5,44.3,10.3,68.8,334.5,6.3,4.3,0,0,0,0
8657002,397712,163340,Special schools,Not applicable,Does not apply,South West,Devizes,Wiltshire,"Bromham, Rowde and Potterne",11,16,85,17,3,20,27,14,24,40,54.7,14.8,2.5,17.3,16.5,11.4,9.5,1,7.5,20.8,NA,37,100,NA,NA,NA,NA,NA,NA,28.5,0,EW,45167,NA,94.1,100,NA,57.9,116,10.5,6.1,0,0,0,0
8657007,400743,160162,Special schools,Not applicable,Does not apply,South West,Devizes,Wiltshire,Devizes and Roundway South,11,16,39,9,5,14,9,8,8,NA,30.3,8.8,4.6,13.4,6.3,6,4.6,0.5,5.1,44.8,NA,17.9,56.7,0,0,0,NA,46.7,0,NA,0,EW,37376,0,0,NA,35.7,66.7,370.5,26.5,17.6,0,0,2,22.2
8657009,391425,174543,Special schools,Not applicable,Does not apply,South West,Chippenham,Wiltshire,Chippenham Hardenhuish,4,19,80,12,3,15,48,9,8,33.3,57.6,10.1,3,13.1,35.6,6.5,2.4,2.7,5.9,0,NA,26.3,100,NA,NA,10.4,8.2,NA,0,0,0,EW,38920,50,50,91.7,NA,73.3,50.5,4.6,3.4,0,0,0,0
8657010,386508,158162,Special schools,Not applicable,Does not apply,South West,South West Wiltshire,Wiltshire,Trowbridge Paxcroft,3,19,79,13,3,16,47,6,10,31.3,53.4,10.4,3,13.4,33.3,4.8,1.9,2.5,6.6,22.4,0,45.5,97.8,NA,NA,NA,NA,NA,0,0,0,EW,40859,38.5,61.5,92.3,NA,81.3,50,3.8,3.1,0,0,0,0
8653467,386043,165835,LA maintained schools,Primary,Church of England,South West,Chippenham,Wiltshire,Melksham Without North,4,11,24,9,1,10,8,2,4,40,11.8,7,1,8,2.3,1,0.5,0.3,17.1,NA,0,NA,87.5,NA,0,0,0,0,NA,0,NA,EW,37164,0,66.7,NA,NA,70,53.5,7.6,5.3,0,0,0,0
8654000,393656,172558,LA maintained schools,Secondary,Does not apply,South West,North Wiltshire,Wiltshire,Calne Rural,11,19,103,55,5,60,16,27,0,25,88.3,49.6,5,54.6,10.9,22.8,0,0.2,14.6,39.8,NA,9.2,100,NA,NA,31.3,NA,17.6,NA,0,0,EW,38028,45.5,50.9,43.6,8.3,63.5,199,5,3.2,0,0,0,0
8652003,399202,172086,LA maintained schools,Primary,Does not apply,South West,North Wiltshire,Wiltshire,Calne North,4,11,60,18,2,20,20,4,16,NA,34.3,16.6,2,18.6,10.6,3,2.1,0.6,21.8,16.1,0,NA,100,NA,0,NA,0,0,0,0,NA,EW,34574,50,50,22.2,NA,83.3,296,19.7,16.4,0,0,0,0
8652004,415365,132230,LA maintained schools,Primary,Does not apply,South West,Salisbury,Wiltshire,Salisbury St Mark's and Bishopdown,4,11,70,23,2,25,22,4,19,44,36,16.7,2,18.7,10.9,2.2,4.2,0.6,21.4,21.4,NA,19.3,100,NA,0,NA,0,0,0,NA,NA,EW,35651,43.5,47.8,NA,NA,34.8,139,17.4,6,0,0,0,0
8652005,401980,161273,LA maintained schools,Primary,Does not apply,South West,Devizes,Wiltshire,Roundway,4,11,39,10,2,12,15,3,9,41.7,20.9,7.4,2,9.4,8,1.3,2.2,0.9,21.8,31.9,0,NA,100,NA,0,NA,NA,0,NA,NA,0,EW,36081,60,40,NA,NA,72.7,26.5,3.3,2.4,0,0,0,0
8653469,399558,158812,LA maintained schools,Primary,Church of England,South West,Devizes,Wiltshire,"Bromham, Rowde and Potterne",4,11,32,6,3,9,12,5,6,66.7,14.1,3.6,1.9,5.5,6.1,1.6,0.9,1.1,17.3,0,NA,NA,100,NA,0,0,0,0,0,0,0,EW,36205,0,0,NA,NA,NA,NA,NA,1.3,0,0,0,0
8653462,416384,140406,LA maintained schools,Primary,Does not apply,South West,Salisbury,Wiltshire,Amesbury East,4,11,71,18,2,20,31,5,15,28.6,40.1,15.8,2,17.8,15.6,3,3.7,0.9,20.8,16.6,NA,NA,100,NA,NA,0,NA,NA,0,NA,NA,EW,32027,72.2,27.8,22.2,NA,57.1,56,4.7,2.7,0,0,0,0
8653464,415010,133624,LA maintained schools,Primary,Does not apply,South West,Salisbury,Wiltshire,"Laverstock, Ford and Old Sarum",4,11,33,9,2,11,11,3,8,36.4,19.8,8,2,10,7.6,1.1,1.1,0.8,19.8,NA,NA,NA,100,NA,0,NA,0,0,NA,0,NA,EW,33811,66.7,0,0,NA,50,24,4.8,2.4,0,0,0,0
8653465,396912,139984,LA maintained schools,Primary,Church of England,South West,South West Wiltshire,Wiltshire,Warminster Copheap and Wylye,5,11,21,6,1,7,6,4,4,NA,11,4.8,1,5.8,3.3,1.5,0.4,0.6,19,NA,0,47.8,100,NA,0,0,0,0,0,0,0,EW,34682,83.3,NA,NA,NA,NA,NA,NA,NA,0,0,0,0
8653470,408908,130703,LA maintained schools,Primary,Church of England,South West,Salisbury,Wiltshire,Wilton and Lower Wylye Valley,4,11,34,7,2,9,10,3,12,NA,18.4,6.2,2,8.2,6,1,3.2,0.7,20.2,NA,0,29.3,100,NA,0,NA,0,0,NA,NA,0,EW,35925,0,0,NA,NA,50,22.5,3.8,1.9,0,0,0,0
8653471,402607,178712,LA maintained schools,Primary,Does not apply,South West,North Wiltshire,Wiltshire,Lyneham,4,11,52,14,3,17,22,4,9,NA,33.4,13.4,3,16.4,11.5,3.1,2.4,0.7,20.4,29.1,NA,15.1,95.3,NA,NA,0,NA,0,NA,NA,NA,EW,33201,64.3,35.7,NA,NA,72.2,119,9.2,6.6,0,0,0,0
8653472,386163,158717,LA maintained schools,Primary,Church of England,South West,South West Wiltshire,Wiltshire,Trowbridge Adcroft,3,11,54,13,3,16,26,3,9,NA,32.5,12,3,15,13.1,2.8,1.6,0.9,20.7,20,0,NA,93.3,NA,NA,NA,NA,0,NA,NA,NA,EW,36832,46.2,53.8,NA,NA,62.5,25,2.5,1.6,0,0,0,0
8656905,425265,150247,Academies,Secondary,Does not apply,South West,Devizes,Wiltshire,Ludgershall and Perham Down,11,19,161,60,7,67,30,40,24,22.4,143.5,55.1,7,62.1,25.2,37.4,18.8,0.4,13.5,37.4,14.5,15.6,86.1,0,15.9,14.8,15.6,23.9,NA,17,NA,EW,39835,50,28.3,35,10.4,69.1,154.5,4.1,2.8,2,4.3,0,0
8656906,411604,131859,Academies,Secondary,Church of England,South West,Salisbury,Wiltshire,Salisbury Bemerton,11,18,67,25,2,27,10,18,12,NA,57.3,24.2,2,26.2,7.6,14.6,8.9,0.3,15.2,33.9,NA,NA,92.7,NA,NA,0,0,34.9,0,39.6,0,EW,39015,60,32,44,NA,48.7,232,12.2,5.9,0,0,1,4
8655414,390942,174658,Academies,Secondary,None,South West,Chippenham,Wiltshire,Chippenham Hardenhuish,11,18,203,96,6,102,38,50,13,30.4,158.5,80.3,6,86.3,30,37.3,4.9,0.3,17.2,45.2,5.9,12.3,100,NA,18.2,NA,0,25.7,NA,53.8,0,EW,38074,40.6,59.4,54.2,5.9,57.8,253,4,2.3,0,0,0,0
8655402,400821,154166,Academies,Secondary,None,South West,Devizes,Wiltshire,The Lavingtons and Erlestoke,11,16,108,44,6,50,17,21,20,38,78,37.6,5.8,43.4,9.8,13.1,11.7,0.2,16.5,33.5,NA,20,96.8,NA,NA,0,0,0,0,24.1,0,EW,38264,36.4,63.6,54.5,12,59.3,180.5,5.6,3.3,0,0,0,0
8655412,414163,131173,Academies,Secondary,None,South West,Salisbury,Wiltshire,Salisbury St Francis and Stratford,11,18,129,67,5,72,6,28,23,43.2,98.9,55.1,5,60.1,3.4,21.2,14.2,0.1,16.6,19.7,6.9,20.4,100,NA,0,NA,0,23.6,NA,NA,NA,EW,39425,26.9,73.1,50.7,6.9,17.6,43.5,3.3,0.6,0,0,0,0
8655413,414481,129627,Academies,Secondary,Church of England,South West,Salisbury,Wiltshire,Salisbury St Martin's and Cathedral,11,18,104,57,5,62,2,28,12,42.9,78.5,45,5,50,0.2,20.8,7.5,0,18.5,50,7.9,40.5,98.5,NA,0,NA,NA,21.8,NA,NA,NA,EW,38855,NA,66.7,52.6,8.1,26.5,75.5,4.2,1.1,0,0,0,0
8654066,386724,170180,Academies,Secondary,Does not apply,South West,Chippenham,Wiltshire,Corsham Town,11,18,158,84,5,89,20,28,21,22.5,125.2,75.6,5,80.6,11.8,24.4,8.4,0.1,14.9,39.7,5.6,31,100,NA,0,0,NA,28.5,NA,NA,NA,EW,40103,20.2,79.8,47.6,5.6,69.1,494,7.4,5.1,0,0,0,0
8652028,387441,170008,Academies,Primary,Does not apply,South West,Chippenham,Wiltshire,Corsham Town,4,11,94,32,5,37,33,16,8,45.9,63.1,26.4,4.3,30.7,20.4,9.5,2.5,0.7,20,9.1,0,NA,100,NA,NA,NA,0,NA,0,NA,NA,EW,35907,0,0,28.1,13.5,37.2,198.5,12.4,4.6,1,4.8,0,0
8655404,390788,174252,Academies,Secondary,None,South West,Chippenham,Wiltshire,Chippenham Hardenhuish,11,18,214,112,6,118,37,48,11,19.5,172.8,103.6,5.8,109.4,25.1,32.6,5.7,0.2,16.4,36.6,5.1,26.2,100,NA,NA,0,0,29.3,NA,67.4,NA,EW,39752,42,58,52.7,5.1,60.8,397.5,5.2,3.2,0,0,0,0
8655403,415839,160136,Academies,Secondary,None,South West,Devizes,Wiltshire,Pewsey,11,16,60,22,6,28,6,12,14,52.8,40.7,18.3,4.6,22.9,3.3,8.4,6.1,0.1,14.1,40.1,NA,10.8,84.4,0,NA,0,NA,0,0,48.4,0,EW,38843,36.4,50,40.9,21.4,18.9,28,4,0.8,0,0,0,0
8654067,406853,183247,Academies,Secondary,None,South West,North Wiltshire,Wiltshire,Royal Wootton Bassett North,11,18,199,113,9,122,35,37,5,28.2,165.7,101,8.8,109.8,24.3,29.4,2.2,0.2,15.3,31.2,NA,12.5,96.1,NA,15.9,NA,0,24.3,NA,0,0,EW,38933,42.5,57.5,48.7,7.4,79.2,486.5,4.9,3.9,0,0,1,1.1
8654537,382047,161480,Academies,Secondary,Church of England/Christian,South West,Chippenham,Wiltshire,Bradford-on-Avon North,11,18,185,82,10,92,47,43,3,40.8,139.7,68.7,9.4,78.1,26.7,32.6,2.3,0.3,17.4,36.7,5.2,24.2,97.8,NA,13.7,NA,NA,12.4,0,NA,NA,EW,38767,35.4,61,56.1,10.9,60,309,5.4,3.3,0,0,0,0
8654072,388640,144808,Academies,Secondary,Does not apply,South West,South West Wiltshire,Wiltshire,Warminster East,11,18,169,107,12,119,19,27,4,19.3,150.5,98.4,11.5,109.9,15.5,23.9,1.2,0.1,14.5,44.3,NA,11.3,100,NA,28.5,0,30.1,27.4,0,0,0,EW,38767,34.6,65.4,47.7,10.1,60.7,569,7.7,4.7,0,0,1,1
8654064,392478,187434,Academies,Secondary,None,South West,North Wiltshire,Wiltshire,Malmesbury,11,18,209,105,11,116,23,33,37,52.6,135.4,86.1,7.8,93.9,13.7,25.9,1.9,0.1,14.1,30.5,4.5,22,95.6,0,NA,NA,0,19.3,NA,NA,NA,EW,39340,0,0,50.5,9.5,71.9,501.5,6.1,4.4,0,0,0,0
8655214,399926,161609,Academies,Primary,Roman Catholic,South West,Devizes,Wiltshire,Devizes North,4,11,30,7,2,9,10,3,8,NA,17.8,6.4,2,8.4,5.3,2,2.1,0.6,22.3,0,0,0,100,NA,0,0,0,NA,NA,0,0,EW,31887,100,0,0,NA,44.4,11.5,2.9,1.3,0,0,0,0
8655400,384738,157672,Academies,Secondary,Roman Catholic,South West,South West Wiltshire,Wiltshire,Trowbridge Central,11,18,106,62,6,68,13,13,12,34.3,82.2,51.6,6,57.6,7.5,9.9,7.2,0.1,16.4,38.9,6.3,34.4,99.9,NA,0,NA,0,NA,NA,NA,36.4,EW,39281,29,71,43.5,8.8,0,0,0,0,0,0,0,0
8653456,397974,153880,Academies,Primary,Church of England,South West,Devizes,Wiltshire,The Lavingtons and Erlestoke,4,11,27,4,3,7,11,3,6,NA,12.9,3,3,6,3.9,1.5,1.5,0.7,25,NA,0,NA,83.3,NA,0,0,0,NA,NA,0,0,EW,38328,NA,NA,NA,NA,62.5,10,2,1.3,0,0,0,0
8655204,400069,172071,Academies,Primary,Roman Catholic,South West,North Wiltshire,Wiltshire,Calne North,4,11,32,7,6,13,9,2,8,30.8,21.5,5.8,5.9,11.7,4.9,1,3.9,0.4,17.9,NA,0,38.5,100,NA,0,NA,0,0,NA,NA,NA,EW,41341,57.1,NA,0,46.2,50,37,6.2,3.1,0,0,0,0
8655406,399708,170524,Academies,Secondary,None,South West,North Wiltshire,Wiltshire,Calne South and Cherhill,11,18,132,57,5,62,19,25,26,29.2,95.5,49.8,5,54.8,13.6,19,8.1,0.2,15.7,39.6,NA,9.9,95.9,0,18.9,NA,0,19.4,0,NA,0,EW,39474,43.9,50.9,63.2,8.1,68.3,206.5,4.8,3.3,0,0,0,0
8654511,416112,131232,Academies,Secondary,Church of England,South West,Salisbury,Wiltshire,"Laverstock, Ford and Old Sarum",11,16,123,47,5,52,20,31,20,33.3,88.9,40.2,5,45.2,12.1,21.7,9.9,0.3,19.4,21.7,NA,19.5,97,NA,NA,NA,0,9.9,NA,NA,0,EW,38157,36.2,63.8,57.4,9.6,75.9,191.5,4.7,3.5,0,0,1,2.7
8654075,384744,157540,Academies,Secondary,Does not apply,South West,South West Wiltshire,Wiltshire,Trowbridge Grove,11,18,181,77,7,84,31,34,32,30.8,132.1,67,7,74,20.5,26.7,10.9,0.3,15.3,36.2,NA,12,100,NA,10,NA,13.4,13.3,0,NA,NA,EW,40183,32.5,63.6,41.6,8.3,75.3,440.5,6.3,4.7,0,0,0,0
8655213,400345,170113,Academies,Primary,Church of England,South West,North Wiltshire,Wiltshire,Calne South and Cherhill,4,11,51,11,3,14,26,3,8,60,21.7,7.3,3,10.3,7.8,1.8,1.8,0.8,20.6,39.6,0,27,97.2,NA,0,NA,0,0,NA,0,NA,EW,35765,54.5,45.5,NA,NA,NA,NA,NA,0.1,0,0,0,0
8653244,386790,176223,Academies,Primary,Church of England,South West,North Wiltshire,Wiltshire,By Brook,4,11,43,8,3,11,13,12,7,36.4,18.1,5.4,3,8.4,4.9,3.8,1,0.6,23.7,0,0,NA,100,NA,0,NA,NA,NA,0,0,0,EW,36893,62.5,NA,NA,NA,NA,NA,NA,0.3,0,0,0,0
8652006,387537,158482,Academies,Primary,Does not apply,South West,Chippenham,Wiltshire,Hilperton,4,11,82,28,6,34,24,6,18,29.4,53.6,24.8,5.6,30.4,13.9,5.2,4.1,0.5,16.8,16.4,0,7.6,90.1,NA,0,NA,NA,0,0,0,NA,EW,35476,NA,0,32.1,17.6,70.3,120.5,4.6,3.3,0,0,0,0
8653407,412036,136219,Academies,Primary,Church of England,South West,Salisbury,Wiltshire,Bourne and Woodford Valley,4,11,51,11,2,13,21,4,13,61.5,21.8,7,2,9,8.2,1.7,2.9,0.9,18.3,0,0,NA,100,NA,0,NA,NA,0,0,0,0,EW,39410,36.4,63.6,45.5,NA,NA,NA,NA,0.6,0,0,0,0
8655405,418984,168509,Academies,Secondary,None,South West,Devizes,Wiltshire,Marlborough West,11,18,179,97,10,107,15,40,17,35.5,147.3,83.5,10,93.5,11.4,31.6,10.8,0.1,17.9,37.8,4.7,21.9,97.9,NA,23,NA,0,18.5,NA,45.4,NA,EW,39779,32,67,59.8,9.3,67.9,538.5,7.1,4.8,1,1.5,0,0
8652040,420778,160508,Academies,Primary,Does not apply,South West,Devizes,Wiltshire,Pewsey,4,11,11,4,1,5,3,1,2,NA,7.5,3.4,1,4.4,1.7,1,0.4,0.4,15.2,0,0,0,100,NA,0,NA,NA,0,NA,0,NA,EW,32911,NA,NA,0,NA,NA,NA,NA,2.8,0,0,0,0
8655411,400971,161271,Academies,Secondary,None,South West,Devizes,Wiltshire,Devizes and Roundway South,11,18,156,56,5,61,18,48,29,32.8,111.1,50.4,4.8,55.2,13.8,31.4,10.7,0.2,16.4,36.8,0,25.5,100,NA,30.5,NA,0,14.3,NA,27,NA,EW,40390,32.1,67.9,60.7,8.2,74,375.5,7,5.1,0,0,0,0
8653466,390804,163899,Academies,Primary,Church of England,South West,Chippenham,Wiltshire,Melksham Central,4,11,49,13,2,15,20,5,9,26.7,28.9,10.4,2,12.4,10.7,2.8,3,0.9,19,0,0,0,100,NA,0,0,NA,0,0,NA,0,EW,33745,100,0,NA,NA,61.1,56.5,5.1,3.1,0,0,0,0
8654002,384913,156961,Academies,Secondary,None,South West,South West Wiltshire,Wiltshire,Trowbridge Grove,11,18,67,33,5,38,13,12,4,NA,62.2,32.8,5,37.8,11,10.2,3.2,0.3,24.3,29.1,0,23.8,100,NA,NA,NA,0,NA,0,0,0,EW,35370,51.5,45.5,0,13.2,67.4,262,9,6.1,0,0,0,0
8652000,386935,170835,Academies,Primary,Does not apply,South West,Chippenham,Wiltshire,Corsham Pickwick,4,11,27,10,2,12,7,1,7,33.3,16.7,8.2,2,10.2,3.9,0.8,1.8,0.4,18.2,NA,0,NA,100,NA,0,0,0,0,NA,NA,0,EW,36406,0,50,NA,NA,NA,NA,NA,0.6,0,0,0,0
8655222,398156,162671,Academies,Primary,Church of England,South West,Devizes,Wiltshire,"Bromham, Rowde and Potterne",4,11,33,8,2,10,13,2,8,NA,18.8,7.4,2,9.4,6.1,1.6,1.7,0.6,20.8,NA,0,0,100,NA,0,0,NA,0,NA,NA,0,EW,35360,NA,62.5,NA,NA,53.8,26.5,3.8,2,0,0,0,0
8652010,390766,164339,Academies,Primary,None,South West,Chippenham,Wiltshire,Melksham Central,4,11,62,15,2,17,20,5,20,29.4,36.7,13.2,2,15.2,14.4,3.2,3.9,0.9,14.2,NA,0,19.7,93.4,NA,0,0,NA,0,0,NA,NA,EW,33937,53.3,46.7,NA,NA,71.4,68,4.5,3.2,0,0,0,0
8652011,385984,157042,Academies,Primary,Does not apply,South West,South West Wiltshire,Wiltshire,Trowbridge Park,4,11,22,5,1,6,5,3,8,NA,12.6,4.4,1,5.4,3,1.6,2.6,0.6,28.5,NA,0,NA,81.5,NA,0,0,0,0,NA,NA,0,EW,NA,80,NA,NA,NA,75,31,5.2,3.9,0,0,0,0
8652193,400785,160362,Academies,Primary,Does not apply,South West,Devizes,Wiltshire,Devizes and Roundway South,4,11,39,11,2,13,13,3,10,NA,23.8,9.5,2,11.5,7.9,2.8,1.6,0.7,19.8,NA,0,0,100,NA,0,0,0,0,NA,0,0,EW,35149,81.8,NA,NA,NA,61.5,66,8.3,5.1,0,0,0,0
8652013,423178,161404,Academies,Primary,Does not apply,South West,Devizes,Wiltshire,Burbage and the Bedwyns,5,11,28,7,2,9,9,5,5,44.4,11.8,5.2,2,7.2,2.7,1.3,0.6,0.4,19.3,0,0,37.5,100,NA,0,0,NA,0,0,0,0,EW,35616,0,0,NA,NA,NA,NA,NA,2.2,0,0,0,0
8652014,412876,131570,Academies,Primary,Does not apply,South West,Salisbury,Wiltshire,Salisbury Fisherton and Bemerton Village,4,11,50,11,3,14,21,4,11,NA,31,10.1,3,13.1,12.2,3.3,2.4,0.9,18.6,30.5,NA,NA,77.1,0,0,0,0,0,0,0,0,EW,36376,0,0,NA,NA,50,21,3,1.5,0,0,0,0
8653117,393012,187946,Academies,Primary,Church of England,South West,North Wiltshire,Wiltshire,Malmesbury,4,11,82,18,5,23,38,7,14,50,45.3,13.4,4.9,18.3,17.2,4,5.8,0.9,22.9,20.8,NA,32.2,94.8,NA,NA,NA,NA,0,0,NA,NA,EW,35837,50,50,NA,21.7,44,151.5,13.8,6.1,0,0,0,0
8653401,400598,153684,Academies,Primary,Christian,South West,Devizes,Wiltshire,The Lavingtons and Erlestoke,4,11,33,10,2,12,9,1,11,33.3,18.2,7.5,2,9.5,5.4,1,2.3,0.6,20,NA,0,0,100,NA,0,0,NA,0,NA,0,NA,EW,37619,0,60,NA,NA,NA,NA,NA,1,0,0,0,0
8653366,419833,121060,Academies,Primary,Church of England,South West,Salisbury,Wiltshire,Redlynch and Landford,2,11,12,4,1,5,3,2,2,NA,7,3.4,1,4.4,1.4,0.8,0.4,0.3,23.6,NA,NA,0,100,NA,0,NA,NA,0,NA,0,NA,EW,37485,NA,NA,NA,NA,NA,NA,NA,6,0,0,0,0
8652015,387508,157529,Academies,Primary,None,South West,South West Wiltshire,Wiltshire,Trowbridge Paxcroft,4,11,55,14,2,16,25,2,12,35,33.5,11.7,2,13.7,16.4,0.9,2.5,1.2,18.7,NA,0,NA,80.1,0,0,0,NA,0,NA,0,0,EW,32279,57.1,0,28.6,NA,88.9,151.5,9.5,8.4,0,0,0,0
8652016,423834,149631,Academies,Primary,Does not apply,South West,Devizes,Wiltshire,Tidworth,2,11,NA,NA,NA,NA,NA,NA,NA,NA,NA,NA,NA,NA,NA,NA,NA,NA,NA,NA,NA,NA,NA,NA,NA,NA,NA,NA,NA,NA,NA,,NA,NA,NA,NA,NA,NA,NA,NA,NA,NA,NA,NA,NA
8652017,378103,131809,Academies,Primary,Church of England,South West,South West Wiltshire,Wiltshire,Mere,4,11,24,2,2,4,7,3,10,NA,8.9,1.5,2,3.5,2.7,0.9,1.8,0.8,12.6,0,0,NA,100,NA,0,0,NA,0,NA,0,0,EW,40901,NA,NA,NA,NA,80,13,3.3,2.6,0,0,0,0
8652018,401326,160838,Academies,Primary,Church of England,South West,Devizes,Wiltshire,Devizes East,7,11,49,11,1,12,17,3,17,33.3,25.2,8.6,1,9.6,9.4,2.1,4.1,1,23.5,NA,NA,36.5,89.6,NA,0,NA,NA,0,NA,NA,0,EW,33636,72.7,NA,NA,NA,66.7,45.5,4.5,3,0,0,0,0
8653038,396160,178563,Academies,Primary,Church of England,South West,North Wiltshire,Wiltshire,Kington,4,11,13,4,1,5,3,1,4,NA,7.2,3,0.9,3.9,2,0.4,0.9,0.5,18.9,0,0,NA,100,NA,0,NA,0,0,NA,0,NA,EW,NA,100,0,0,NA,0,0,0,0,0,0,0,0
8654004,415112,129611,Free Schools,16 Plus,Does not apply,South West,Salisbury,Wiltshire,Salisbury St Martin's and Cathedral,16,19,28,14,3,17,0,7,4,22.2,24.1,13.1,3,16.1,0,5.6,2.4,0,14.8,47.3,NA,NA,97,NA,0,0,0,NA,0,NA,0,EW,37083,0,0,NA,NA,54.5,61,5.1,2.8,0,0,0,0
8652019,422934,149727,Academies,Primary,None,South West,Devizes,Wiltshire,Tidworth,3,11,NA,NA,NA,NA,NA,NA,NA,NA,NA,NA,NA,NA,NA,NA,NA,NA,NA,NA,NA,NA,NA,NA,NA,NA,NA,NA,NA,NA,NA,,NA,NA,NA,NA,NA,NA,NA,NA,NA,NA,NA,NA,NA
8655224,414636,148668,Academies,Primary,Church of England,South West,Devizes,Wiltshire,The Collingbournes and Netheravon,5,11,37,9,2,11,8,8,10,NA,20.3,7.7,2,9.7,4.8,3.1,2.7,0.5,18.7,NA,0,NA,100,NA,0,0,0,NA,0,0,0,EW,36939,55.6,44.4,NA,NA,36.4,12,3,1.1,0,0,0,0
8652208,415964,160203,Academies,Primary,Does not apply,South West,Devizes,Wiltshire,Pewsey,4,11,41,9,2,11,18,4,8,NA,23.4,7.8,2,9.8,10.2,1.8,1.6,1,20.5,NA,0,NA,100,NA,NA,0,NA,0,0,0,0,EW,37056,44.4,55.6,NA,NA,NA,NA,NA,2.3,0,0,0,0
8653203,407134,182935,Academies,Primary,Church of England,South West,North Wiltshire,Wiltshire,Royal Wootton Bassett South,4,11,58,17,3,20,21,6,11,50,32.7,12.3,3,15.3,11.6,3.4,2.4,0.8,21.8,NA,0,NA,100,NA,0,0,0,0,0,NA,NA,EW,35528,0,0,NA,NA,50,32.5,3.3,1.6,0,0,0,0
8653207,384879,149722,Academies,Primary,Church of England,South West,South West Wiltshire,Wiltshire,Ethandune,4,11,40,11,1,12,13,3,12,33.3,19.1,8.4,1,9.4,5.9,1.8,2,0.6,21.1,NA,0,NA,100,NA,NA,0,0,0,NA,0,0,EW,35850,45.5,54.5,NA,NA,0,0,0,0,0,0,0,0
8652228,390182,172879,Academies,Primary,Does not apply,South West,Chippenham,Wiltshire,Chippenham Queens and Sheldon,4,11,67,21,3,24,24,4,15,54.2,32.1,14.2,3,17.2,10.5,2.9,1.5,0.6,20.2,NA,0,NA,100,NA,NA,0,0,0,0,NA,NA,EW,38313,19,81,NA,NA,54.5,39,3.3,1.8,0,0,0,0
8653319,390235,173540,Academies,Primary,Church of England,South West,Chippenham,Wiltshire,Chippenham Cepen Park and Redlands,4,11,48,11,3,14,19,3,12,57.1,22.4,7.1,2.6,9.7,7.9,2,2.8,0.8,19.6,NA,0,45.4,100,NA,0,NA,NA,NA,NA,NA,NA,EW,37327,45.5,54.5,NA,NA,28.6,8,2,0.6,0,0,0,0
8652021,387625,145255,Academies,Primary,None,South West,South West Wiltshire,Wiltshire,Warminster East,3,11,55,14,4,18,17,4,16,44.4,30.3,10.7,3.6,14.3,9.4,2.6,4,0.7,19.4,NA,0,0,92.3,NA,0,0,0,0,0,NA,NA,EW,33987,NA,28.6,28.6,22.2,29.4,16,3.2,0.9,0,0,0,0
8653176,414841,131332,Academies,Primary,Church of England,South West,Salisbury,Wiltshire,Salisbury St Francis and Stratford,7,11,46,17,2,19,13,5,9,31.6,29.4,14.4,2,16.4,6.9,3.3,2.8,0.4,21.9,NA,NA,NA,90.2,NA,NA,0,0,0,0,NA,0,EW,37882,0,0,29.4,NA,50,57.5,5.8,2.9,0,0,0,0
8652157,414875,131413,Academies,Primary,Does not apply,South West,Salisbury,Wiltshire,Salisbury St Francis and Stratford,5,7,52,12,4,16,16,4,16,68.8,25.5,8.1,2.6,10.7,9.3,1.9,3.6,0.9,25.1,NA,NA,NA,95.2,NA,0,NA,0,0,NA,NA,NA,EW,40196,0,0,41.7,25,40,7.5,1.3,0.5,0,0,0,0
8657008,414766,131330,Academies,Not applicable,Does not apply,South West,Salisbury,Wiltshire,Salisbury St Francis and Stratford,2,19,89,16,3,19,49,8,13,40,68.3,13.3,3,16.3,40.9,6.5,4.6,2.5,6.8,17.7,NA,18,63.8,0,11,NA,0,NA,0,NA,0,EW,38311,25,0,68.8,NA,54.2,114,8.8,4.8,0,0,1,11.1
8652223,391462,162044,Academies,Primary,Does not apply,South West,Chippenham,Wiltshire,Melksham Without South,4,11,79,25,2,27,33,7,12,60.7,32.6,16.1,2,18.1,9.9,2.2,2.4,0.5,21,21.6,0,23.4,98.8,NA,NA,0,0,0,0,NA,0,EW,34450,44,56,16,NA,60.7,86,5.1,3.1,0,0,0,0
8654013,391689,162405,Academies,Secondary,Does not apply,South West,Chippenham,Wiltshire,Melksham Without South,11,18,166,84,10,94,26,32,14,31.9,136.9,73.9,8.8,82.7,21.2,25.9,7.1,0.3,15.3,38,6.4,14.9,94.4,0,16.2,NA,0,11.4,12.5,NA,NA,EW,39586,0,0,31,10.6,82,735,9,7.3,0,0,0,0
8653141,415757,163274,Academies,Primary,Church of England,South West,Devizes,Wiltshire,Pewsey Vale,4,11,20,6,1,7,5,4,4,71.4,8.3,3.8,0.5,4.3,2.5,1.1,0.4,0.6,17,0,0,NA,100,NA,0,0,0,NA,0,0,0,EW,37357,0,0,0,NA,NA,NA,NA,1.6,0,0,0,0
8653143,419865,174414,Academies,Primary,Church of England,South West,Devizes,Wiltshire,West Selkley,4,11,13,7,1,8,3,1,1,50,8.1,5.5,0.5,6,1.3,0.7,0.1,0.2,14.1,0,0,NA,100,NA,0,NA,NA,0,NA,0,NA,EW,36911,57.1,NA,NA,NA,100,21,3,3,0,0,0,0
8653388,394069,161030,Academies,Primary,Church of England,South West,Devizes,Wiltshire,Summerham and Seend,4,11,21,5,2,7,9,3,2,NA,10.1,3.1,2,5.1,3.5,1.1,0.4,0.7,22.4,0,0,40.4,98.6,NA,0,0,NA,NA,NA,0,NA,EW,36196,NA,0,0,NA,NA,NA,NA,1,0,0,0,0
8653162,388844,165744,Academies,Primary,Church of England,South West,Chippenham,Wiltshire,Melksham Without North,4,11,58,10,3,13,26,11,8,41.7,23.4,7,2.3,9.3,8.9,3.9,1.3,1,22.5,NA,NA,0,100,NA,0,NA,0,NA,NA,0,0,EW,36013,40,60,0,NA,75,41.5,4.6,3.5,0,0,0,0
8653160,389567,160512,Academies,Primary,Church of England,South West,Chippenham,Wiltshire,Summerham and Seend,5,11,26,6,0,6,12,6,2,66.7,9,3.6,0,3.6,3.5,1.6,0.3,1,22.5,0,0,72.2,100,NA,0,0,NA,NA,0,0,NA,EW,35117,0,0,NA,0,71.4,161,32.2,23,0,0,0,0
8653021,387871,163248,Academies,Primary,Church of England,South West,Chippenham,Wiltshire,Melksham Without North,5,11,18,7,1,8,5,2,3,62.5,7.9,4,1,5,1.6,0.9,0.4,0.3,18.7,0,0,NA,100,NA,0,NA,NA,0,NA,0,NA,EW,37149,0,NA,0,NA,NA,NA,NA,0.4,0,0,0,0
8654005,413098,130562,Free Schools,Secondary,Does not apply,South West,Salisbury,Wiltshire,Salisbury St Paul's,14,19,35,20,3,23,4,8,0,26.1,29.5,17.1,3,20.1,2.5,6.9,0,0.1,13.2,55.1,NA,33.6,41.3,NA,NA,0,0,NA,0,0,0,EW,NA,80,20,20,NA,NA,NA,NA,NA,0,0,0,0
8652024,401084,162175,Academies,Primary,Church of England,South West,Devizes,Wiltshire,Roundway,4,11,35,9,2,11,9,5,10,NA,21.5,7.5,2,9.5,6.2,2.6,3.2,0.6,19.4,NA,0,0,100,NA,0,NA,NA,NA,0,NA,0,EW,32687,88.9,NA,NA,NA,88.9,55.5,6.9,6.2,0,0,0,0
8652025,400144,171805,Academies,Primary,Church of England,South West,North Wiltshire,Wiltshire,Calne North,4,11,83,20,2,22,32,6,23,40.9,45.2,17,1.8,18.8,16,4.3,6.1,0.9,14.1,NA,NA,27.3,94.7,NA,NA,NA,0,NA,NA,NA,NA,EW,35377,50,50,30,NA,NA,NA,NA,NA,1,7.7,1,7.7
8653457,396592,182728,Academies,Primary,Church of England,South West,North Wiltshire,Wiltshire,Brinkworth,4,11,14,3,2,5,4,3,2,80,6.5,1.6,1.3,2.9,1.8,1.4,0.4,0.6,17.7,0,0,NA,100,NA,0,0,NA,0,NA,0,NA,EW,38696,NA,NA,NA,NA,NA,NA,NA,NA,0,0,0,0
8653110,409059,185889,Academies,Primary,Church of England,South West,North Wiltshire,Wiltshire,Royal Wootton Bassett East,4,11,39,11,2,13,9,4,13,46.2,17.3,7.7,2,9.7,4.3,1.7,1.6,0.4,21.1,NA,0,NA,100,NA,0,0,0,0,0,NA,NA,EW,36350,54.5,45.5,NA,NA,NA,NA,NA,NA,0,0,0,0
8655408,408962,187413,Academies,Secondary,None,South West,North Wiltshire,Wiltshire,Purton,11,16,106,52,6,58,16,29,3,25.9,84.1,46.2,6,52.2,11.1,19.5,1.3,0.2,17.5,34.5,NA,19.2,98.9,NA,0,0,21.7,16.7,NA,NA,NA,EW,41284,26.9,73.1,73.1,10.3,NA,NA,NA,NA,0,0,0,0
8653159,394554,180648,Academies,Primary,Church of England,South West,North Wiltshire,Wiltshire,Kington,5,11,13,2,2,4,2,1,6,NA,5.7,1.3,1.3,2.6,1.6,0.5,1,0.6,10,0,0,NA,100,NA,0,NA,NA,0,NA,0,0,EW,NA,NA,NA,NA,NA,NA,NA,NA,NA,0,0,0,0
8652026,411343,186989,Academies,Primary,Church of England,South West,North Wiltshire,Wiltshire,Purton,4,11,11,4,1,5,4,2,0,NA,8.7,3.3,0.3,3.6,3.1,2,0,0.8,26.2,NA,0,0,100,NA,0,0,NA,0,NA,0,0,EW,30742,NA,0,NA,NA,0,0,0,0,0,0,0,0
8652027,418931,168740,LA maintained schools,Primary,,South West,Devizes,Wiltshire,Marlborough West,5,11,87,22,2,24,32,13,18,45.8,43.9,16.7,2,18.7,15.3,5.2,4.7,0.8,18,NA,0,21.9,100,NA,NA,0,NA,NA,0,NA,0,EW,34159,50,50,18.2,NA,0,0,0,0,0,0,0,0
8653061,416084,144753,Academies,Primary,Church of England,South West,Devizes,Wiltshire,Durrington and Larkhill,5,7,44,10,1,11,13,5,15,45.5,17,7.5,1,8.5,5.4,1.4,1.7,0.6,17.4,0,0,NA,100,NA,0,0,0,0,0,0,0,EW,35700,80,NA,NA,NA,NA,NA,NA,NA,0,0,0,0
8654071,416123,144625,Academies,Secondary,None,South West,Devizes,Wiltshire,Durrington and Larkhill,11,18,63,34,5,39,13,7,4,NA,57.7,33.4,5,38.4,11,5.6,2.7,0.3,14.3,41.7,10.3,23.4,92.2,0,0,NA,0,NA,0,89.8,NA,EW,39077,0,0,44.1,12.8,NA,NA,NA,NA,0,0,0,0
8653071,415361,147049,Academies,Primary,Church of England,South West,Devizes,Wiltshire,"Bulford, Allington and Figheldean",4,11,22,6,1,7,8,3,4,NA,12,4.7,1,5.7,3.3,1.4,1.6,0.6,13.7,NA,0,NA,100,NA,0,0,0,0,NA,0,0,EW,39920,66.7,NA,NA,NA,NA,NA,NA,NA,0,0,0,0
8653022,417226,143773,Academies,Primary,Church of England,South West,Devizes,Wiltshire,"Bulford, Allington and Figheldean",3,11,44,11,2,13,19,2,10,28.6,29.2,9.4,2,11.4,12.6,1.6,3.6,1.1,21.5,0,0,31.3,91.6,NA,0,NA,NA,0,NA,0,0,EW,35718,72.7,NA,45.5,NA,NA,NA,NA,NA,0,0,0,0
8653094,391811,158080,Academies,Primary,Church of England,South West,South West Wiltshire,Wiltshire,Summerham and Seend,4,11,20,4,2,6,4,3,7,NA,9.6,3.6,1.7,5.3,2.3,1.2,0.8,0.4,20,NA,0,NA,100,NA,0,0,0,0,NA,0,0,EW,35985,0,NA,NA,NA,NA,NA,NA,NA,0,0,0,0
8652037,400800,161137,LA maintained schools,Primary,Does not apply,South West,Devizes,Wiltshire,Devizes and Roundway South,5,7,50,9,2,11,20,7,12,NA,23.7,7.5,2,9.5,9,2.9,2.3,0.9,19.4,NA,NA,32.8,100,NA,0,0,NA,NA,0,NA,0,EW,36059,66.7,NA,NA,NA,63.6,110.5,15.8,10,0,0,0,0
8653344,391997,163756,LA maintained schools,Primary,Church of England,South West,Chippenham,Wiltshire,Melksham Without South,3,11,61,21,3,24,19,6,12,45.8,38.7,16.4,2.6,19,14.1,3.9,1.7,0.7,20.5,NA,0,12.6,98.9,NA,NA,0,0,NA,0,NA,0,EW,34029,57.1,42.9,19,NA,57.1,44,3.7,2.1,0,0,0,0
8653352,392332,142567,LA maintained schools,Primary,Church of England,South West,South West Wiltshire,Wiltshire,Warminster Copheap and Wylye,4,11,14,5,2,7,3,1,3,71.4,6.8,2.7,1.5,4.2,1.4,0.5,0.7,0.3,14.5,0,0,NA,100,NA,0,NA,NA,0,NA,0,NA,EW,35633,0,NA,0,NA,NA,NA,NA,0.4,0,0,0,0
8654001,416086,131180,LA maintained schools,Secondary,Church of England,South West,Salisbury,Wiltshire,"Laverstock, Ford and Old Sarum",11,16,42,21,4,25,6,8,3,42.9,34.9,16.6,4,20.6,4.8,7,2.5,0.2,14.2,40.7,NA,26.5,88.1,0,NA,NA,0,NA,0,NA,NA,EW,37211,38.1,61.9,38.1,16,NA,NA,NA,NA,0,0,0,0
8654006,417200,121253,LA maintained schools,Secondary,None,South West,Salisbury,Wiltshire,Downton and Ebble Valley,11,16,81,28,5,33,11,27,10,18.2,60.6,26.1,5,31.1,8.5,14,7,0.3,18.9,50.5,NA,24.8,100,NA,29,NA,0,21.1,NA,50.9,0,EW,41000,NA,0,53.6,15.2,67.6,133.5,5.8,3.9,0,0,0,0
8653023,425063,165025,LA maintained schools,Primary,Church of England,South West,Devizes,Wiltshire,Burbage and the Bedwyns,5,11,14,4,1,5,5,2,2,NA,8,3.5,1,4.5,2.4,0.8,0.3,0.5,23.3,NA,0,0,100,NA,0,0,0,0,NA,0,NA,EW,35282,NA,NA,NA,NA,NA,NA,NA,0.4,0,0,0,0
8655200,390301,163310,LA maintained schools,Primary,None,South West,Chippenham,Wiltshire,Melksham South,4,11,66,17,4,21,27,4,14,40,32.6,14.1,3,17.2,9.8,2.7,2.9,0.6,22.2,23.8,NA,21.4,94.1,NA,NA,NA,NA,0,NA,NA,NA,EW,36818,0,0,35.3,NA,85,84,4.9,4.2,0,0,0,0
8652022,391692,173440,LA maintained schools,Primary,Does not apply,South West,Chippenham,Wiltshire,Chippenham Lowden and Rowden,4,11,68,19,3,22,23,8,15,45.5,36.8,14.1,3,17.1,11.8,3.6,4.3,0.7,20.8,35.2,0,26.9,94.1,NA,0,NA,0,0,0,NA,0,EW,36321,NA,0,NA,NA,45.5,40.5,4,1.8,0,0,0,0
8653190,388445,144645,LA maintained schools,Primary,Church of England,South West,South West Wiltshire,Wiltshire,Warminster East,5,11,36,7,3,10,14,4,8,60,18,5.1,2.6,7.7,6,1.8,2.5,0.8,14.8,NA,0,NA,100,NA,0,0,0,0,0,0,0,EW,36016,0,NA,NA,NA,63.6,91.5,13.1,8.3,0,0,0,0
